Date,Observation,GDP,RLGDP,Population,MF,FIRREA,TRA86,TRA97,FHFA,PH,Pop,MORTGAGE30US,SF,All,GDP_NSA,RES_GDP_DEF,TOT_GDP_DEF,RES_GDP_NSA,RLGDP_NSA,del_RLGDPNSA,del_RLGDPNSAyoy,delPop,hhs,SFshare,SFsharepc,SFcomShare,SFcomSharepc,SFcomlagShare,SFcomlagSharepc,AllComp,SFComp,AllCompLag,SFCompLag,Mileage,CarPP
1/1/1959,1,510.3,3121.936,176045.3,66.2,0,0,0,0,0,176.0453,,256.7,322.9,123707,12.367,16.327,5727,757.6835916,,,757,3.34,0.794982967,79.49829669,,,,,,,,,,
4/1/1959,2,522.7,3192.38,176726.7,83.8,0,0,0,0,0,176.7267,,367.3,451.1,131641,12.375,16.373,7198,804.0127038,46.3291122,,681.4,3.34,0.814231878,81.42318776,,,,,,,,,,
7/1/1959,3,525,3194.653,177480.7,71.9,0,0,0,0,0,177.4807,,350.8,422.7,130194,12.372,16.443,8167,791.7898194,-12.2228844,,754,3.34,0.829903004,82.99030045,,,,,,,,,,
10/1/1959,4,528.6,3203.759,178267.7,61.1,0,0,0,0,0,178.2677,,259.2,320.3,136112,12.381,16.507,7537,824.571394,32.7815746,,787,3.34,0.809241336,80.92413362,,,,,,,,,,
1/1/1960,5,542.6,3275.757,179319.3,53.8,0,0,0,0,0,179.3193,,213.4,267.2,131022,12.418,16.538,5270,792.2481558,-32.3232382,34.5645642,1051.6,3.33,0.798652695,79.86526946,,,,,,,,,,
4/1/1960,6,541.1,3258.088,180401,70.4,0,0,0,0,0,180.401,,305.6,376,136488,12.465,16.597,6757,822.3654877,30.1173319,18.3527839,1081.7,3.33,0.812765957,81.27659574,,,,,,,,,,
7/1/1960,7,545.6,3274.029,181301,67.1,0,0,0,0,0,181.301,,274.4,341.5,135021,12.467,16.669,7804,810.0125982,-12.3528895,18.2227788,900,3.33,0.803513909,80.35139092,,,,,,,,,,
10/1/1960,8,540.2,3232.009,182019.3,66.2,0,0,0,0,0,182.0193,,201.2,267.4,139850,12.481,16.742,7025,835.324334,25.3117358,10.75294,718.3,3.33,0.752430815,75.24308153,,,,,,,,,,
1/1/1961,9,545,3253.826,182634,65.6,0,0,0,0,0,182.634,,183.1,248.7,132138,12.442,16.762,5352,788.3188164,-47.0055176,-3.9293394,614.7,3.36,0.736228388,73.62283876,,,,,,,,,,
4/1/1961,10,555.5,3309.059,183337.3,90.6,0,0,0,0,0,183.3373,,284.6,375.2,140168,12.49,16.795,6816,834.5817208,46.2629044,12.2162331,703.3,3.36,0.758528785,75.85287846,,,,,,,,,,
7/1/1961,11,567.7,3372.581,184103.3,94.9,0,0,0,0,0,184.1033,,284.2,379.1,140509,12.493,16.83,7789,834.8722519,0.2905311,24.8596537,766,3.36,0.749670272,74.96702717,,,,,,,,,,
10/1/1961,12,580.6,3438.721,184894.3,87.6,0,0,0,0,0,184.8943,,222.4,310,149394,12.482,16.869,7054,885.6126623,50.7404104,50.2883283,791,3.36,0.717419355,71.74193548,,,,,,,,,,
1/1/1962,13,594,3500.054,185553.3,87,0,0,0,0,0,185.5533,,187.5,274.5,144274,12.505,16.953,5959,851.0234177,-34.5892446,62.7046013,659,3.31,0.683060109,68.30601093,,,,,,,,,,
4/1/1962,14,600.4,3531.683,186202.7,134.7,0,0,0,0,0,186.2027,,305.1,439.8,150952,12.503,17,7453,887.9529412,36.9295235,53.3712204,649.4,3.31,0.69372442,69.37244202,,,,,,,,,,
7/1/1962,15,609,3575.07,186926.3,126.2,0,0,0,0,0,186.9263,,272.3,398.5,150614,12.498,17.04,8481,883.8849765,-4.0679647,49.0127246,723.6,3.31,0.683312422,68.33124216,,,,,,,,,,
10/1/1962,16,612.3,3586.827,187679.7,123.6,0,0,0,0,0,187.6797,,226.4,350,158078,12.482,17.081,7750,925.4610386,41.5760621,39.8483763,753.4,3.31,0.646857143,64.68571429,,,,,,,,,,
1/1/1963,17,621.7,3625.981,188299,115.2,0,0,0,0,0,188.299,,178.2,293.4,150949,12.486,17.165,6576,879.3999417,-46.0610969,28.376524,619.3,3.33,0.607361963,60.73619632,,,,,,,,,,
4/1/1963,18,629.8,3666.669,188906.3,166.8,0,0,0,0,0,188.9063,,324.3,491.1,158886,12.436,17.18,8236,924.8311991,45.4312574,36.8782579,607.3,3.33,0.660354307,66.03543067,,,,,,,,,,
7/1/1963,19,644.4,3747.278,189631,150.1,0,0,0,0,0,189.631,,288.9,439,159597,12.296,17.199,9430,927.9434851,3.112286,44.0585086,724.7,3.33,0.65808656,65.80865604,,,,,,,,,,
10/1/1963,20,653.9,3771.845,190362,158.6,0,0,0,0,0,190.362,,221,379.6,168017,12.377,17.311,8613,970.5794004,42.6359153,45.1183618,731,3.33,0.582191781,58.21917808,,,,,,,,,,
1/1/1964,21,669.8,3851.366,190954,125.7,0,0,0,0,0,190.954,,202.6,328.3,162413,12.261,17.376,7303,934.6972836,-35.8821168,55.2973419,592,3.33,0.617118489,61.71184892,,,,,,,,,,
4/1/1964,22,678.7,3893.296,191560.3,163.1,0,0,0,0,0,191.5603,,294,457.1,170097,12.458,17.427,8590,976.0543983,41.3571147,51.2231992,606.3,3.33,0.643185299,64.31852986,,,,,,,,,,
7/1/1964,23,692,3954.121,192256,137,0,0,0,0,0,192.256,,261.7,398.7,171593,12.497,17.513,10027,979.8035745,3.7491762,51.8600894,695.7,3.33,0.656383246,65.63832455,,,,,,,,,,
10/1/1964,24,697.3,3966.335,192937.7,132.7,0,0,0,0,0,192.9377,,212.1,344.8,180356,12.767,17.588,9182,1025.44917,45.6455955,54.8697696,681.7,3.33,0.615139211,61.51392111,,,,,,,,,,
1/1/1965,25,717.8,4062.311,193466.7,101,0,0,0,0,0,193.4667,,181.5,282.5,173462,12.754,17.665,7098,981.9530144,-43.4961556,47.2557308,529,3.31,0.642477876,64.24778761,,,,,,,,,,
4/1/1965,26,730.2,4113.629,193994,157,0,0,0,0,0,193.994,,296.7,453.7,183818,12.766,17.747,8876,1035.769426,53.8164116,59.7150277,527.3,3.31,0.653956359,65.39563588,,,,,,,,,,
7/1/1965,27,749.3,4205.086,194646.7,125.8,0,0,0,0,0,194.6467,,266.2,392,185525,12.76,17.828,10085,1040.638322,4.868896,60.8347475,652.7,3.31,0.679081633,67.90816327,,,,,,,,,,
10/1/1965,28,771.9,4301.973,195278.7,125.3,0,0,0,0,0,195.2787,,219.4,344.7,199483,13.106,17.945,9104,1111.635553,70.997231,86.186383,632,3.31,0.636495503,63.64955033,,,,,,,,,,
1/1/1966,29,795.7,4406.693,195763,93.5,0,0,0,0,0,195.763,,180.2,273.7,191022,12.927,18.054,6733,1058.059156,-53.576397,76.1061416,484.3,3.3,0.658385093,65.83850932,,,,,,,,,,
4/1/1966,30,805,4421.747,196276.7,132.7,0,0,0,0,0,196.2767,,258.8,391.5,201635,13.396,18.218,8538,1106.789988,48.730832,71.020562,513.7,3.3,0.661047254,66.10472542,,,,,,,,,,
7/1/1966,31,819.6,4459.195,196876.7,92.2,0,0,0,0,0,196.8767,,197.9,290.1,203439,13.315,18.378,9531,1106.970291,0.180303,66.331969,600,3.3,0.682178559,68.21785591,,,,,,,,,,
10/1/1966,32,833.3,4495.777,197480.7,67.9,0,0,0,0,0,197.4807,,141.7,209.6,217316,13.608,18.528,8577,1172.905872,65.935581,61.270319,604,3.3,0.676049618,67.60496183,,,,,,,,,,
1/1/1967,33,844.2,4535.591,197967,64.9,0,0,0,0,0,197.967,,147.1,212,204098,13.637,18.605,5932,1097.006181,-75.899691,38.947025,486.3,3.28,0.693867925,69.38679245,,,,,,,,,,
4/1/1967,34,849,4538.37,198455.3,116.4,0,0,0,0,0,198.4553,,254.7,371.1,213246,13.679,18.717,8156,1139.317198,42.311017,32.52721,488.3,3.28,0.686337914,68.63379143,,,0.651634724,65.16347238,,,266.1,173.4,,
7/1/1967,35,865.2,4581.309,199012,130.4,0,0,0,0,0,199.012,,244.2,374.6,214456,13.756,18.885,9613,1135.589092,-3.728106,28.618801,556.7,3.28,0.651895355,65.1895355,,,0.659962288,65.99622879,,,318.2,210,,
10/1/1967,36,881.4,4615.853,199572,136.1,0,0,0,0,0,199.572,,197.8,333.9,228140,14.008,19.094,9926,1194.8256,59.236508,21.919728,560,3.28,0.592392932,59.2392932,,,0.649340156,64.93401562,,,371.3,241.1,,
1/1/1968,37,909.4,4709.993,199994.7,111.8,0,0,0,0,0,199.9947,,179.9,291.7,218405,14.258,19.302,7239,1131.514869,-63.310731,34.508688,422.7,3.23,0.616729517,61.67295166,0.651634724,65.16347238,0.642778693,64.2778693,266.1,173.4,364.2,234.1,,
4/1/1968,38,934.3,4788.688,200451.7,174.6,0,0,0,0,0,200.4517,,266.2,440.8,234781,14.385,19.519,10238,1202.833137,71.318268,63.515939,457,3.23,0.603901996,60.39019964,0.659962288,65.99622879,0.593259927,59.32599266,318.2,210,299.7,177.8,,
7/1/1968,39,950.8,4825.799,200997.3,161.6,0,0,0,0,0,200.9973,,249,410.6,235737,14.392,19.706,11814,1196.270172,-6.562965,60.68108,545.6,3.23,0.606429615,60.64296152,0.649340156,64.93401562,0.569583931,56.95839311,371.3,241.1,348.5,198.5,,
10/1/1968,40,968,4844.779,201537.7,160.1,0,0,0,0,0,201.5377,,204.2,364.3,251704,14.958,19.98,10908,1259.77978,63.509608,64.95418,540.4,3.23,0.560527038,56.05270382,0.642778693,64.2778693,0.568901795,56.89017951,364.2,234.1,378.8,215.5,,
1/1/1969,41,993.3,4920.605,201955,152.4,0,0,0,0,0,201.955,,171.1,323.5,238912,15.263,20.18,8684,1183.904856,-75.874924,52.389987,417.3,3.19,0.528902628,52.89026275,0.593259927,59.32599266,0.579795809,57.97958087,299.7,177.8,372.2,215.8,,
4/1/1969,42,1009,4935.564,202419,202.8,0,0,0,0,0,202.419,,259,461.8,254764,15.482,20.446,12468,1246.033454,62.128598,43.200317,464,3.19,0.560848852,56.08488523,0.569583931,56.95839311,0.527181208,52.71812081,348.5,198.5,298,157.1,,
7/1/1969,43,1030,4968.164,202985.7,164.9,0,0,0,0,0,202.9857,,214.5,379.4,255302,15.546,20.737,12667,1231.142402,-14.891052,34.87223,566.7,3.19,0.565366368,56.53663679,0.568901795,56.89017951,0.545081967,54.50819672,378.8,215.5,341.6,186.2,,
10/1/1969,44,1038.1,4943.935,203583.7,136.2,0,0,0,0,0,203.5837,,165.9,302.1,268638,15.779,20.997,10555,1279.411344,48.268942,19.631564,598,3.19,0.549155909,54.91559086,0.579795809,57.97958087,0.583439167,58.34391669,372.2,215.8,393.7,229.7,,
1/1/1970,45,1051.2,4936.594,204085.7,118.7,0,0,0,0,0,204.0857,,136.7,255.4,253998,15.765,21.286,8689,1193.263178,-86.148166,9.358322,502,3.14,0.535238841,53.5238841,0.527181208,52.71812081,0.594545455,59.45454545,298,157.1,385,228.9,,
4/1/1970,46,1067.4,4943.6,204721.3,157,0,0,0,0,0,204.7213,,231.6,388.6,268532,16.349,21.593,10974,1243.606724,50.343546,-2.42673,635.6,3.14,0.595985589,59.59855893,0.545081967,54.50819672,0.572793883,57.27938834,341.6,186.2,313.9,179.8,,
7/1/1970,47,1086.1,4989.159,205418.7,171.6,0,0,0,0,0,205.4187,,228.8,400.4,268019,15.91,21.77,12022,1231.139182,-12.467542,-0.00322,697.4,3.14,0.571428571,57.14285714,0.583439167,58.34391669,0.587548638,58.75486381,393.7,229.7,411.2,241.6,,
10/1/1970,48,1088.6,4935.693,206129.7,173.4,0,0,0,0,0,206.1297,,215.8,389.2,282764,16.041,22.055,11725,1282.085695,50.946513,2.674351,711,3.14,0.554470709,55.44707091,0.594545455,59.45454545,0.58574656,58.57465599,385,228.9,486.9,285.2,,
1/1/1971,49,1135.2,5069.746,206763,175.9,0,0,0,0,0,206.763,,204.8,380.7,273782,16.469,22.389,10540,1222.841574,-59.244121,29.578396,633.3,3.11,0.537956396,53.79563961,0.572793883,57.27938834,0.622343655,62.23436551,313.9,179.8,494.1,307.5,567194,0.54589372
4/1/1971,50,1156.3,5097.179,207362,244.9,0,0,0,0,0,207.362,7.413076923,348.5,593.4,291216,16.807,22.689,14871,1283.511834,60.67026,39.90511,599,3.11,0.587293563,58.72935625,0.587548638,58.75486381,0.54830528,54.83052801,411.2,241.6,433.7,237.8,567194,0.54589372
7/1/1971,51,1177.7,5139.128,207999.7,251.1,0,0,0,0,0,207.9997,7.658461538,321.5,572.6,291043,17.117,22.917,16950,1269.987346,-13.524488,38.848164,637.7,3.11,0.561473978,56.14739783,0.58574656,58.57465599,0.589026697,58.90266975,486.9,285.2,475.7,280.2,567194,0.54589372
10/1/1971,52,1190.3,5151.245,208642.3,229.3,0,0,0,0,0,208.6423,7.552857143,276.2,505.5,308808,17.381,23.107,15791,1336.426191,66.438845,54.340496,642.6,3.11,0.546389713,54.63897132,0.622343655,62.23436551,0.579468378,57.94683776,494.1,307.5,545.5,316.1,567194,0.54589372
1/1/1972,53,1230.6,5245.974,209141.7,241.3,0,0,0,0,0,209.1417,7.349230769,263.9,505.2,299204,17.626,23.478,14377,1274.401567,-62.024624,51.559993,499.4,3.06,0.522367379,52.23673793,0.54830528,54.83052801,0.59417122,59.41712204,433.7,237.8,549,326.2,588147,0.56937799
4/1/1972,54,1266.4,5365.045,209637.3,273.6,0,0,0,0,0,209.6373,7.346923077,386.9,660.5,318894,17.709,23.621,18428,1350.044452,75.642885,66.532618,495.6,3.06,0.585768357,58.57683573,0.589026697,58.90266975,0.578081606,57.80816065,475.7,280.2,468.1,270.6,588147,0.56937799
7/1/1972,55,1290.6,5415.712,210180.7,267.2,0,0,0,0,0,210.1807,7.406153846,370.9,638.1,319052,18.006,23.835,20333,1338.586113,-11.458339,68.598767,543.4,3.06,0.581256856,58.12568563,0.579468378,57.94683776,0.561842583,56.18425825,545.5,316.1,551.4,309.8,588147,0.56937799
10/1/1972,56,1328.9,5506.396,210736.7,265.1,0,0,0,0,0,210.7367,7.430769231,287.6,552.7,341962,18.559,24.105,19261,1418.635138,80.049025,82.208947,556,3.06,0.520354623,52.03546228,0.59417122,59.41712204,0.559824369,55.98243688,549,326.2,546.6,306,588147,0.56937799
1/1/1973,57,1377.5,5642.669,211192.3,228.8,0,0,0,0,0,211.1923,7.446153846,255.8,484.6,333807,18.801,24.412,16887,1367.388989,-51.246149,92.987422,455.6,3.01,0.527858027,52.78580272,0.578081606,57.80816065,0.581773952,58.17739521,468.1,270.6,534.4,310.9,605548,0.597156398
4/1/1973,58,1413.9,5704.098,211663,274.7,0,0,0,0,0,211.663,7.65,366.9,641.6,354356,19.275,24.816,20452,1427.933591,60.544602,77.889139,470.7,3.01,0.571851621,57.18516209,0.561842583,56.18425825,0.503039144,50.30391442,551.4,309.8,411.3,206.9,605548,0.597156398
7/1/1973,59,1433.8,5674.1,212191.3,242.2,0,0,0,0,0,212.1913,8.456923077,306,548.2,354349,19.931,25.29,22034,1401.142744,-26.790847,62.556631,528.3,3.01,0.558190441,55.81904414,0.559824369,55.98243688,0.540656852,54.06568516,546.6,306,441.5,238.7,605548,0.597156398
10/1/1973,60,1476.3,5727.96,212708,167.5,0,0,0,0,0,212.708,8.626153846,203.3,370.8,382865,20.277,25.728,18949,1488.125777,86.983033,69.490639,516.7,3.01,0.548274002,54.82740022,0.581773952,58.17739521,0.568476039,56.84760391,534.4,310.9,440.3,250.3,605548,0.597156398
1/1/1974,61,1491.2,5678.713,213144,140.9,0,0,0,0,1,213.144,8.462307692,177.8,318.7,361840,20.738,26.249,14866,1378.490609,-109.635168,11.10162,436,2.97,0.557891434,55.7891434,0.503039144,50.30391442,0.561552595,56.15525953,411.3,206.9,435.4,244.5,615191,0.610328638
4/1/1974,62,1530.1,5692.21,213602.3,158.3,0,0,0,0,1,213.6023,8.886923077,297.8,456.1,384120,21.228,26.832,18593,1431.57424,53.083631,3.640649,458.3,2.97,0.65292699,65.29269897,0.540656852,54.06568516,0.567120623,56.71206226,441.5,238.7,308.4,174.9,615191,0.610328638
7/1/1974,63,1560,5638.411,214147,92.1,0,0,0,0,1,214.147,9.606153846,243.9,336,385975,21.908,27.659,20272,1395.47706,-36.09718,-5.665684,544.7,2.97,0.725892857,72.58928571,0.568476039,56.84760391,0.639948287,63.9948287,440.3,250.3,309.4,198,615191,0.610328638
10/1/1974,64,1599.7,5616.526,214699.7,58.5,0,0,0,0,1,214.6997,9.793076923,168.4,226.9,413310,22.498,28.498,15736,1450.312303,54.835243,-37.813474,552.7,2.97,0.742177171,74.21771706,0.561552595,56.15525953,0.715978041,71.5978041,435.4,244.5,346.1,247.8,615191,0.610328638
1/1/1975,65,1616.1,5548.156,215135.3,48.7,0,0,0,0,1,215.1353,9.168461538,142.3,191,391688,23.073,29.142,12313,1344.066982,-106.245321,-34.423627,435.6,2.94,0.745026178,74.5026178,0.567120623,56.71206226,0.719705549,71.97055493,308.4,174.9,353.2,254.2,617349,0.618604651
4/1/1975,66,1651.9,5587.8,215651.7,63.4,0,0,0,0,1,215.6517,8.875384615,260.9,324.3,414253,23.474,29.565,16931,1401.160156,57.093174,-30.414084,516.4,2.94,0.804502004,80.45020043,0.639948287,63.9948287,0.725302061,72.53020611,309.4,198,281.4,204.1,617349,0.618604651
7/1/1975,67,1709.8,5683.444,216289.3,80.5,0,0,0,0,1,216.2893,8.983846154,268,348.5,423323,23.692,30.087,19678,1406.996377,5.836221,11.519317,637.6,2.94,0.769010043,76.9010043,0.715978041,71.5978041,0.734322932,73.43229324,346.1,247.8,330.1,242.4,617349,0.618604651
10/1/1975,68,1761.8,5759.972,216847.7,75.6,0,0,0,0,1,216.8477,9.160769231,221,296.6,455641,24.12,30.59,17812,1489.509644,82.513267,39.197341,558.4,2.94,0.745111261,74.5111261,0.719705549,71.97055493,0.772972973,77.2972973,353.2,254.2,370,286,617349,0.618604651
1/1/1976,69,1820.5,5889.5,217314,61.8,0,0,0,0,1,217.314,8.873076923,219,280.8,441178,24.269,30.925,16183,1426.606306,-62.903338,82.539324,466.3,2.89,0.77991453,77.99145299,0.725302061,72.53020611,0.762699014,76.26990144,281.4,204.1,395.7,301.8,626038,0.637614679
4/1/1976,70,1852.3,5932.711,217776,99.7,0,0,0,0,1,217.776,8.776923077,339.6,439.3,465343,24.977,31.233,22461,1489.90811,63.301804,88.747954,462,2.89,0.773048031,77.3048031,0.734322932,73.43229324,0.734188544,73.41885442,330.1,242.4,335.2,246.1,626038,0.637614679
7/1/1976,71,1886.6,5965.265,218337.7,100.7,0,0,0,0,1,218.3377,8.967692308,333.6,434.3,466535,25.38,31.632,24345,1474.88303,-15.02508,67.886653,561.7,2.89,0.768132627,76.81326272,0.772972973,77.2972973,0.75667107,75.667107,370,286,378.5,286.4,626038,0.637614679
10/1/1976,72,1934.3,6008.504,218917.3,112.8,0,0,0,0,1,218.9173,8.847142857,270.1,382.9,500358,25.844,32.169,23774,1555.404271,80.521241,65.894627,579.6,2.89,0.705406111,70.54061113,0.762699014,76.26990144,0.778983195,77.89831951,395.7,301.8,470.1,366.2,626038,0.637614679
1/1/1977,73,1988.6,6079.494,219426.7,98.7,0,0,0,0,1,219.4267,8.693333333,268.7,367.4,481996,26.478,32.689,20474,1474.48989,-80.914381,47.883584,509.4,2.86,0.731355471,73.13554709,0.734188544,73.41885442,0.75982256,75.98225602,335.2,246.1,473.4,359.7,665078,0.645454545
4/1/1977,74,2055.9,6197.686,219956,141,0,0,0,0,1,219.956,8.807692308,440.1,581.1,515010,27.193,33.205,30442,1551.001355,76.511465,61.093245,529.3,2.86,0.757356737,75.73567372,0.75667107,75.667107,0.717298452,71.72984517,378.5,286.4,374.6,268.7,665078,0.645454545
7/1/1977,75,2118.5,6309.514,220572.7,151.2,0,0,0,0,1,220.5727,8.925,410.3,561.5,526844,28.094,33.662,34076,1565.100113,14.098758,90.217083,616.7,2.86,0.730721282,73.07212823,0.778983195,77.89831951,0.744993324,74.49933244,470.1,366.2,449.4,334.8,665078,0.645454545
10/1/1977,76,2164.3,6309.652,221201,145.3,0,0,0,0,1,221.201,8.936923077,331.8,477.1,557979,28.966,34.225,30237,1630.325785,65.225672,74.921514,628.3,2.86,0.695451687,69.54516873,0.75982256,75.98225602,0.720190476,72.01904762,473.4,359.7,525,378.1,665078,0.645454545
1/1/1978,77,2202.8,6329.791,221718.7,104.5,0,0,0,0,1,221.7187,9.126923077,257.5,362,534990,29.798,34.786,24418,1537.9463,-92.379485,63.45641,517.7,2.81,0.711325967,71.13259669,0.717298452,71.72984517,0.747204011,74.72040108,374.6,268.7,518.6,387.5,668390,0.666666667
4/1/1978,78,2331.6,6574.39,222281.3,175.4,0,0,0,0,1,222.2813,9.557692308,449.1,624.5,583171,30.686,35.48,35715,1643.661218,105.714918,92.659863,562.6,2.81,0.719135308,71.91353082,0.744993324,74.49933244,0.699975327,69.99753269,449.4,334.8,405.3,283.7,668390,0.666666667
7/1/1978,79,2395.1,6640.497,222932.7,159.7,0,0,0,0,1,222.9327,9.76,403.9,563.6,596032,31.507,36.106,40827,1650.783803,7.122585,85.68369,651.4,2.81,0.716643009,71.66430092,0.720190476,72.01904762,0.702141467,70.21414666,525,378.1,462.3,324.6,668390,0.666666667
10/1/1978,80,2476.9,6729.755,223583,147.3,0,0,0,0,1,223.583,10.12230769,322.9,470.2,637402,32.337,36.819,37051,1731.176838,80.393035,100.851053,650.3,2.81,0.686729051,68.67290515,0.747204011,74.72040108,0.679411163,67.94111634,518.6,387.5,489.1,332.3,668390,0.666666667
1/1/1979,81,2526.6,6741.854,224152,99,0,0,0,0,1,224.152,10.40923077,226.6,325.6,618499,32.991,37.507,29794,1649.022849,-82.153989,111.076549,569,2.78,0.695945946,69.59459459,0.699975327,69.99753269,0.700641898,70.06418985,405.3,283.7,514.1,360.2,668740,0.675555556
4/1/1979,82,2591.2,6749.063,224737,155,0,0,0,0,1,224.737,10.76384615,386.9,541.9,648326,34.117,38.413,38571,1687.777575,38.754726,44.116357,585,2.78,0.713969367,71.3969367,0.702141467,70.21414666,0.649790136,64.97901364,462.3,324.6,381.2,247.7,668740,0.675555556
7/1/1979,83,2667.6,6799.2,225418.3,155.3,0,0,0,0,1,225.4183,11.15692308,342.9,498.2,658706,35.202,39.215,42272,1679.729695,-8.04788,28.945892,681.3,2.78,0.6882778,68.82778001,0.679411163,67.94111634,0.616658044,61.66580445,489.1,332.3,386.6,238.4,668740,0.675555556
10/1/1979,84,2723.9,6816.203,226117.3,141.6,0,0,0,0,1,226.1173,12.48461538,237.7,379.3,701800,36.062,39.93,37204,1757.575758,77.846063,26.39892,699,2.78,0.626680728,62.66807277,0.700641898,70.06418985,0.624729437,62.47294372,514.1,360.2,369.6,230.9,668740,0.675555556
1/1/1980,85,2789.8,6837.641,226754,87.2,0,0,0,0,1,226.754,13.68,150.9,238.1,683564,37.014,40.804,28936,1675.237722,-82.338036,26.214873,636.7,2.76,0.633767325,63.37673247,0.649790136,64.97901364,0.658335622,65.83356221,381.2,247.7,364.1,239.7,628901,0.68722467
4/1/1980,86,2797.4,6696.753,227389,101,0,0,0,0,1,227.389,14.41923077,203.3,304.3,698570,37.888,41.771,30799,1672.38036,-2.857362,-15.397215,635,2.76,0.6680907,66.80907,0.616658044,61.66580445,0.658197007,65.81970066,386.6,238.4,287.3,189.1,628901,0.68722467
7/1/1980,87,2856.5,6688.794,228070.7,115.7,0,0,0,0,1,228.0707,12.64307692,272.6,388.3,707671,38.752,42.703,34748,1657.192703,-15.187657,-22.536992,681.7,2.76,0.702034509,70.20345094,0.624729437,62.47294372,0.653718759,65.37187594,369.6,230.9,332.1,217.1,628901,0.68722467
10/1/1980,88,2985.6,6813.535,228689.7,136.2,0,0,0,0,1,228.6897,14.22615385,225.3,361.5,767505,39.644,43.835,35036,1750.895403,93.7027,-6.680355,619,2.76,0.623236515,62.32365145,0.658335622,65.83356221,0.66344994,66.34499397,364.1,239.7,331.6,220,628901,0.68722467
1/1/1981,89,3124.2,6947.042,229155.3,97.7,0,0,0,0,1,229.1553,15.12692308,166.5,264.2,758799,40.552,44.997,28552,1686.332422,-64.562981,11.0947,465.6,2.73,0.630204391,63.02043906,0.658197007,65.81970066,0.610546379,61.05463787,287.3,189.1,314.8,192.2,631742,0.686956522
4/1/1981,90,3162.5,6895.559,229673.7,108.8,0,0,0,0,1,229.6737,16.23923077,229.9,338.7,791530,41.168,45.842,35623,1726.648052,40.31563,54.267692,518.4,2.73,0.678771774,67.87717744,0.653718759,65.37187594,0.592042186,59.2042186,332.1,217.1,208.6,123.5,631742,0.686956522
7/1/1981,91,3260.6,6978.135,230301.3,85.5,0,0,0,0,1,230.3013,17.38,184.8,270.3,811659,41.654,46.733,35178,1736.800548,10.152496,79.607845,627.6,2.73,0.683684795,68.36847947,0.66344994,66.34499397,0.614006515,61.40065147,331.6,220,245.6,150.8,631742,0.686956522
10/1/1981,92,3280.8,6902.105,230903.7,86.8,0,0,0,0,1,230.9037,17.73571429,124.1,210.9,845052,42.326,47.505,29129,1778.869593,42.069045,27.97419,602.4,2.73,0.588430536,58.84305358,0.610546379,61.05463787,0.657428791,65.74287914,314.8,192.2,259.8,170.8,631742,0.686956522
1/1/1982,93,3274.3,6794.878,231395,63.1,0,0,0,0,1,231.395,17.41416667,113.6,176.7,803715,42.934,48.186,21021,1667.942971,-110.926622,-18.389451,491.3,2.72,0.642897566,64.28975665,0.592042186,59.2042186,0.639108062,63.91080617,208.6,123.5,291.5,186.3,641044,0.689655172
4/1/1982,94,3332,6825.876,231906,95.8,0,0,0,0,1,231.906,16.76615385,178.2,274,831458,43.584,48.826,27567,1702.900094,34.957123,-23.747958,511,2.72,0.650364964,65.03649635,0.614006515,61.40065147,0.641150263,64.11502633,245.6,150.8,246.9,158.3,641044,0.689655172
7/1/1982,95,3366.3,6799.781,232498,122.5,0,0,0,0,1,232.498,16.22153846,186.7,309.2,834528,43.931,49.504,31676,1685.778927,-17.121167,-51.021621,592,2.72,0.6038163,60.38163001,0.657428791,65.74287914,0.665518321,66.55183213,259.8,170.8,319.3,212.5,641044,0.689655172
10/1/1982,96,3402.6,6802.497,233074.3,118.2,0,0,0,0,1,233.0743,14.03285714,184.1,302.3,874081,44.136,50.005,30583,1747.987201,62.208274,-30.882392,576.3,2.72,0.608997684,60.89976844,0.639108062,63.91080617,0.663562852,66.35628522,291.5,186.3,408.1,270.8,641044,0.689655172
1/1/1983,97,3473.4,6892.144,233546,119.3,0,0,0,0,1,233.546,13.03,202.9,322.2,850380,44.372,50.404,27928,1687.128006,-60.859195,19.185035,471.7,2.73,0.629733085,62.9733085,0.641150263,64.11502633,0.678039404,67.80394041,246.9,158.3,416.2,282.2,663378,0.700854701
4/1/1983,98,3578.8,7048.982,234028.3,161.6,0,0,0,0,1,234.0283,12.76307692,322.3,483.9,895388,44.488,50.778,40832,1763.338454,76.210448,60.43836,482.3,2.73,0.666046704,66.60467039,0.665518321,66.55183213,0.63252128,63.25212797,319.3,212.5,340.7,215.5,663378,0.700854701
7/1/1983,99,3689.2,7189.896,234603,185.8,0,0,0,0,1,234.603,13.64142857,307.5,493.3,916516,44.738,51.318,48110,1785.954246,22.615792,100.175319,574.7,2.73,0.623352929,62.33529293,0.663562852,66.35628522,0.594366197,59.43661972,408.1,270.8,426,253.2,663378,0.700854701
10/1/1983,100,3794.7,7339.893,235153.3,168.8,0,0,0,0,1,235.1533,13.46,234.8,403.6,971755,45.12,51.702,44243,1879.530773,93.576527,131.543572,550.3,2.73,0.581764123,58.17641229,0.678039404,67.80394041,0.636814798,63.68147981,416.2,282.2,443.3,282.3,663378,0.700854701
1/1/1984,101,3908.1,7483.371,235604.7,140.1,0,0,0,0,1,235.6047,13.33307692,236.5,376.6,962905,45.392,52.212,37863,1844.221635,-35.309138,157.093629,451.4,2.71,0.627987254,62.79872544,0.63252128,63.25212797,0.619995476,61.99954761,340.7,215.5,442.1,274.1,675927,0.703389831
4/1/1984,102,4009.6,7612.668,236082.3,204.8,0,0,0,0,1,236.0823,14.03538462,332.6,537.4,1002687,45.771,52.681,49970,1903.318084,59.096449,139.97963,477.6,2.71,0.618905843,61.89058429,0.594366197,59.43661972,0.606624692,60.6624692,426,253.2,365.3,221.6,675927,0.703389831
7/1/1984,103,4084.3,7686.059,236657.3,177.7,0,0,0,0,1,236.6573,14.49384615,280.3,458,1011924,46.206,53.157,54265,1903.651448,0.333364,117.697202,575,2.71,0.612008734,61.20087336,0.636814798,63.68147981,0.614163903,61.41639034,443.3,282.3,422.2,259.3,675927,0.703389831
10/1/1984,104,4148.6,7749.151,237232.7,142.7,0,0,0,0,1,237.2327,13.64846154,234.7,377.4,1060096,46.641,53.528,48266,1980.451353,76.799905,100.92058,575.4,2.71,0.621886592,62.18865925,0.619995476,61.99954761,0.631716337,63.17163367,442.1,274.1,459.7,290.4,675927,0.703389831
1/1/1985,105,4230.2,7824.247,237672.7,130.5,0,0,0,0,1,237.6727,13.06384615,215.3,345.8,1033006,46.863,54.076,39229,1910.285524,-70.165829,66.063889,440,2.69,0.622614228,62.26142279,0.606624692,60.6624692,0.660526316,66.05263158,365.3,221.6,456,301.2,690945,0.719665272
4/1/1985,106,4294.9,7893.136,238175.7,191.3,0,0,0,0,1,238.1757,12.78538462,317.9,509.2,1073981,46.973,54.396,51401,1974.374954,64.08943,71.05687,503,2.69,0.624312647,62.43126473,0.614163903,61.41639034,0.607659347,60.76593465,422.2,259.3,373.4,226.9,690945,0.719665272
7/1/1985,107,4386.8,8013.674,238789.3,174.1,0,0,0,0,1,238.7893,12.14076923,295,469.1,1090905,47.32,54.757,57263,1992.265829,17.890875,88.614381,613.6,2.69,0.628863782,62.88637817,0.631716337,63.17163367,0.633957845,63.39578454,459.7,290.4,427,270.7,690945,0.719665272
10/1/1985,108,4444.1,8073.239,239386.7,173.5,0,0,0,0,1,239.3867,11.73076923,244.1,417.6,1141088,47.909,55.042,52184,2073.122343,80.856514,92.67099,597.4,2.69,0.584530651,58.45306513,0.660526316,66.05263158,0.645748554,64.57485543,456,301.2,466.9,301.5,690945,0.719665272
1/1/1986,109,4507.9,8148.603,239860.7,139.7,0,0,0,0,1,239.8607,10.58384615,234.1,373.8,1104498,48.513,55.313,44491,1996.814492,-76.307851,86.528968,474,2.67,0.626270733,62.6270733,0.607659347,60.76593465,0.656237219,65.62372188,373.4,226.9,489,320.9,701427,0.730290456
4/1/1986,110,4545.3,8185.303,240367.7,189,0,0,0,0,1,240.3677,10.24615385,369.4,558.4,1138030,49.018,55.507,61282,2050.245915,53.431423,75.870961,507,2.67,0.661532951,66.15329513,0.633957845,63.39578454,0.628773956,62.87739564,427,270.7,380.9,239.5,701427,0.730290456
7/1/1986,111,4607.7,8263.639,240961.7,164.4,0,0,0,0,1,240.9617,10.23538462,325.4,489.8,1148813,49.659,55.771,68236,2059.875204,9.629289,67.609375,594,2.67,0.664352797,66.43527971,0.645748554,64.57485543,0.669477234,66.94772344,466.9,301.5,415.1,277.9,701427,0.730290456
10/1/1986,112,4657.6,8308.021,241539,132.8,0,0,0,0,1,241.539,9.683846154,250.6,383.4,1188288,50.215,56.102,60804,2118.084917,58.209713,44.962574,577.3,2.67,0.653625456,65.36254564,0.656237219,65.62372188,0.684822242,68.48222425,489,320.9,438.8,300.5,701427,0.730290456
1/1/1987,113,4722.2,8369.93,242009.3,107.7,0,1,0,0,1,242.0093,9.114615385,241.4,349.1,1148876,50.788,56.427,50336,2036.039485,-82.045432,39.224993,470.3,2.66,0.691492409,69.14924091,0.628773956,62.87739564,0.702304147,70.23041475,380.9,239.5,434,304.8,710165,0.736625514
4/1/1987,114,4806.2,8460.233,242520,133.7,0,1,0,0,1,242.52,10.34307692,346.5,480.2,1205023,51.229,56.81,65447,2121.145925,85.10644,70.90001,510.7,2.66,0.721574344,72.1574344,0.669477234,66.94772344,0.687198068,68.71980676,415.1,277.9,331.2,227.6,710165,0.736625514
7/1/1987,115,4884.6,8533.635,243120.3,126.7,0,1,0,0,1,243.1203,10.48153846,321.3,448,1218373,51.711,57.248,70782,2128.236794,7.090869,68.36159,600.3,2.66,0.7171875,71.71875,0.684822242,68.48222425,0.697637377,69.76373772,438.8,300.5,376.7,262.8,710165,0.736625514
10/1/1987,116,5008,8680.162,243720.7,106.2,0,1,0,0,1,243.7207,10.86428571,237.1,343.3,1282952,52.217,57.678,63224,2224.335102,96.098308,106.250185,600.4,2.66,0.690649578,69.06495776,0.702304147,70.23041475,0.713419073,71.3419073,434,304.8,412.1,294,710165,0.736625514
1/1/1988,117,5073.4,8725.006,244207.7,77.5,0,1,0,0,1,244.2077,10.06833333,219.7,297.2,1236534,52.599,58.124,48763,2127.406923,-96.928179,91.367438,487,2.64,0.73923284,73.92328398,0.687198068,68.71980676,0.733040508,73.30405076,331.2,227.6,409.8,300.4,740105,0.74796748
4/1/1988,118,5190,8839.641,244716.7,119.9,0,1,0,0,1,244.7167,10.35923077,323.7,443.6,1297399,53.079,58.704,67075,2210.069161,82.662238,88.923236,509,2.64,0.729711452,72.97114518,0.697637377,69.76373772,0.716186939,71.6186939,376.7,262.8,323.1,231.4,740105,0.74796748
7/1/1988,119,5282.8,8891.435,245354,111.5,0,1,0,0,1,245.354,10.49642857,293.4,404.9,1319724,53.459,59.423,73780,2220.897632,10.828471,92.660838,637.3,2.64,0.724623364,72.46233638,0.713419073,71.3419073,0.712220017,71.2220017,412.1,294,352.7,251.2,740105,0.74796748
10/1/1988,120,5399.5,9009.913,245966.3,97.7,0,1,0,0,1,245.9663,10.41,244.6,342.3,1382783,53.976,59.97,66583,2305.791229,84.893597,81.456127,612.3,2.64,0.714577856,71.45778557,0.733040508,73.30405076,0.714436806,71.44368059,409.8,300.4,378.2,270.2,740105,0.74796748
1/1/1989,121,5511.3,9101.508,246460.3,91,0,1,0,0,1,246.4603,10.82,212.7,303.7,1346036,54.332,60.547,53606,2223.125836,-82.665393,95.718913,494,2.62,0.7003622,70.03621995,0.716186939,71.6186939,0.741725448,74.17254476,323.1,231.4,368.6,273.4,753799,0.754032258
4/1/1989,122,5612.5,9170.977,247017.3,102.2,0,1,0,0,1,247.0173,10.63615385,302.1,404.3,1405607,54.991,61.202,67151,2296.66841,73.542574,86.599249,557,2.62,0.747217413,74.72174128,0.712220017,71.2220017,0.733422639,73.3422639,352.7,251.2,298.6,219,753799,0.754032258
7/1/1989,123,5695.4,9238.923,247698.3,94.3,0,1,0,0,1,247.6983,10.00769231,272.1,366.4,1418867,55.18,61.656,72330,2301.263462,4.595052,80.36583,681,2.62,0.742631004,74.26310044,0.714436806,71.44368059,0.729276622,72.92766222,378.2,270.2,322.1,234.9,753799,0.754032258
10/1/1989,124,5747.2,9257.128,248374.3,85.2,1,1,0,0,1,248.3743,9.813846154,216.5,301.7,1471062,55.578,62.077,62928,2369.737584,68.474122,63.946355,676,2.62,0.717600265,71.76002652,0.741725448,74.17254476,0.734366197,73.43661972,368.6,273.4,355,260.7,753799,0.754032258
1/1/1990,125,5872.7,9358.289,248936.3,77.6,1,1,0,0,1,248.9363,10.13153846,217,294.6,1434375,55.991,62.753,52078,2285.747295,-83.990289,62.621459,562,2.63,0.736591989,73.65919891,0.733422639,73.3422639,0.756244358,75.62443575,298.6,219,332.3,251.3,744644,0.762096774
4/1/1990,126,5960,9392.251,249711,86.6,1,1,0,0,1,249.711,10.32384615,271.3,357.9,1490965,56.217,63.455,64760,2349.641478,63.894183,52.973068,774.7,2.63,0.75803297,75.80329701,0.729276622,72.92766222,0.737515477,73.75154767,322.1,234.9,242.3,178.7,744644,0.762096774
7/1/1990,127,6015.1,9398.499,250594.7,74.1,1,1,0,0,1,250.5947,10.10307692,233,307.1,1499694,56.433,64.004,67063,2343.12543,-6.516048,41.861968,883.7,2.63,0.758710518,75.87105177,0.734366197,73.43661972,0.742760436,74.27604363,355,260.7,265.9,197.5,744644,0.762096774
10/1/1990,128,6004.7,9312.937,251481.7,59.4,1,1,0,0,1,251.4817,9.959230769,173.6,233,1538100,56.512,64.493,55766,2384.90999,41.78456,15.172406,887,2.63,0.745064378,74.50643777,0.756244358,75.62443575,0.753584528,75.35845282,332.3,251.3,299.9,226,744644,0.762096774
1/1/1991,129,6035.2,9269.367,252257.3,38.7,1,1,0,0,1,252.2573,9.500769231,146.7,185.4,1475270,56.701,65.12,42841,2265.463759,-119.446231,-20.283536,775.6,2.63,0.791262136,79.12621359,0.737515477,73.75154767,0.832036775,83.20367751,242.3,178.7,282.8,235.3,749862,0.746031746
4/1/1991,130,6126.9,9341.642,253062.7,46.7,1,1,0,0,1,253.0627,9.522307692,254.1,300.8,1532427,56.974,65.589,57313,2336.408544,70.944785,-13.232934,805.4,2.63,0.84474734,84.47473404,0.742760436,74.27604363,0.827704147,82.77041471,265.9,197.5,233.9,193.6,749862,0.746031746
7/1/1991,131,6205.9,9388.845,253965.3,45,1,1,0,0,1,253.9653,9.273076923,239.8,284.8,1548990,57.315,66.092,63971,2343.687587,7.279043,0.562157,902.6,2.63,0.841994382,84.1994382,0.753584528,75.35845282,0.828307911,82.83079106,299.9,226,281.9,233.5,749862,0.746031746
10/1/1991,132,6264.5,9421.565,254835.3,43.2,1,1,0,0,1,254.8353,8.69,199.8,243,1601443,57.093,66.476,57028,2409.054396,65.366809,24.144406,870,2.63,0.822222222,82.22222222,0.832036775,83.20367751,0.82912192,82.91219204,282.8,235.3,316.6,262.5,749862,0.746031746
1/1/1992,133,6363.1,9534.346,255585,43.5,1,1,0,0,1,255.585,8.688461538,218.5,262,1554707,56.894,66.743,48753,2329.393345,-79.661051,63.929586,749.7,2.62,0.833969466,83.39694656,0.827704147,82.77041471,0.843125192,84.31251922,233.9,193.6,325.1,274.1,785066,0.745098039
4/1/1992,134,6470.8,9637.732,256439.3,44.2,1,1,0,0,1,256.4393,8.677692308,296.4,340.6,1619581,57.464,67.141,66610,2412.208636,82.815291,75.800092,854.3,2.62,0.870229008,87.02290076,0.828307911,82.83079106,0.866775644,86.67756436,281.9,233.5,244.7,212.1,785066,0.745098039
7/1/1992,135,6566.6,9732.979,257385.7,45.7,1,1,0,0,1,257.3857,8.017692308,276.4,322.1,1640744,57.886,67.462,72438,2432.101035,19.892399,88.413448,946.4,2.62,0.858118597,85.81185967,0.82912192,82.91219204,0.863191043,86.31910427,316.6,262.5,285.8,246.7,785066,0.745098039
10/1/1992,136,6680.8,9834.51,258276.7,36.1,1,1,0,0,1,258.2767,8.192142857,238.8,274.9,1705290,58.648,67.937,66941,2510.10495,78.003915,101.050554,891,2.62,0.86867952,86.86795198,0.843125192,84.31251922,0.868180385,86.81803847,325.1,274.1,317.1,275.3,785066,0.745098039
1/1/1993,137,6729.5,9850.973,259039.3,27.4,1,1,0,0,1,259.0393,7.723333333,213.2,240.6,1638139,59.281,68.341,55406,2397.007653,-113.097297,67.614308,762.6,2.66,0.886118038,88.61180382,0.866775644,86.67756436,0.884960881,88.49608809,244.7,212.1,345.1,305.4,805877,0.751937984
4/1/1993,138,6808.9,9908.347,259826,43.5,1,1,0,0,1,259.826,7.453076923,323.7,367.2,1701841,59.924,68.744,72532,2475.621145,78.613492,63.412509,786.7,2.66,0.881535948,88.15359477,0.863191043,86.31910427,0.881569208,88.1569208,285.8,246.7,270.2,238.2,805877,0.751937984
7/1/1993,139,6882.1,9955.641,260714.3,46.3,1,1,0,0,1,260.7143,7.087692308,309.3,355.6,1724719,60.446,69.089,82388,2496.372795,20.75165,64.27176,888.3,2.66,0.869797525,86.97975253,0.868180385,86.81803847,0.864109426,86.41094261,317.1,275.3,336.3,290.6,805877,0.751937984
10/1/1993,140,7013.7,10091.049,261546.7,44.9,1,1,0,0,1,261.5467,7.046428571,279.4,324.3,1793877,60.644,69.495,76482,2581.303691,84.930896,71.198741,832.4,2.66,0.861547949,86.15479494,0.884960881,88.49608809,0.853348091,85.33480908,345.1,305.4,361.4,308.4,805877,0.751937984
1/1/1994,141,7115.7,10188.954,262249.7,41.4,1,1,0,0,1,262.2497,7.295833333,252.6,294,1736467,61.438,69.851,64400,2485.958683,-95.345008,88.95103,703,2.67,0.859183673,85.91836735,0.881569208,88.1569208,0.852320675,85.23206751,270.2,238.2,379.2,323.2,813785,0.761538462
4/1/1994,142,7246.9,10327.019,263020.7,68.6,1,1,0,0,1,263.0207,8.427692308,354.2,422.8,1809582,61.832,70.184,85352,2578.339793,92.38111,102.718648,771,2.67,0.837748344,83.77483444,0.864109426,86.41094261,0.84351407,84.351407,336.3,290.6,291.4,245.8,813785,0.761538462
7/1/1994,143,7331.1,10387.382,263870,72,1,1,0,0,1,263.87,8.594285714,325.7,397.7,1837424,62.467,70.558,92403,2604.13277,25.792977,107.759975,849.3,2.67,0.818959014,81.89590143,0.853348091,85.33480908,0.812264151,81.22641509,361.4,308.4,318,258.3,813785,0.761538462
10/1/1994,144,7455.3,10506.372,264678.3,76.6,1,1,0,0,1,264.6783,9.105384615,265.9,342.5,1903763,63.251,70.952,81692,2683.170312,79.037542,101.866621,808.3,2.67,0.776350365,77.6350365,0.852320675,85.23206751,0.785569986,78.55699856,379.2,323.2,346.5,272.2,813785,0.761538462
1/1/1995,145,7522.3,10543.644,265388.3,55.7,1,1,0,0,1,265.3883,8.785384615,214.2,269.9,1835147,64.001,71.356,66490,2571.818768,-111.351544,85.860085,710,2.65,0.793627269,79.36272694,0.84351407,84.351407,0.811045697,81.10456967,291.4,245.8,356.7,289.3,819706,0.768060837
4/1/1995,146,7581,10575.1,266141.7,74.1,1,1,0,0,1,266.1417,7.917692308,296.7,370.8,1897424,64.329,71.706,83468,2646.116085,74.297317,67.776292,753.4,2.65,0.800161812,80.01618123,0.812264151,81.22641509,0.802317655,80.23176551,318,258.3,293.4,235.4,819706,0.768060837
7/1/1995,147,7683.1,10665.06,267000.7,79.1,1,1,0,0,1,267.0007,7.696153846,308.2,387.3,1922827,64.595,72.027,92069,2669.591959,23.475874,65.459189,859,2.65,0.795765556,79.57655564,0.785569986,78.55699856,0.789135514,78.9135514,346.5,272.2,342.4,270.2,819706,0.768060837
10/1/1995,148,7772.6,10737.478,267820.3,69,1,1,0,0,1,267.8203,7.339230769,257.2,326.2,1984353,64.966,72.367,82042,2742.068899,72.47694,58.898587,819.6,2.65,0.788473329,78.84733292,0.811045697,81.10456967,0.787712418,78.77124183,356.7,289.3,382.5,301.3,819706,0.768060837
1/1/1996,149,7868.5,10817.896,268487.3,62.6,1,1,0,0.4,1,268.4873,7.272307692,240,302.6,1925313,65.225,72.7,69060,2648.298487,-93.770412,76.479719,667,2.65,0.793126239,79.31262393,0.802317655,80.23176551,0.815415822,81.54158215,293.4,235.4,394.4,321.6,826765,0.777358491
4/1/1996,150,8032.8,10998.322,269251.3,84,1,1,0,0.4,1,269.2513,8.102307692,344.5,428.5,2005112,65.523,72.997,94352,2746.841651,98.543164,100.725566,764,2.65,0.803967328,80.39673279,0.789135514,78.9135514,0.809738794,80.97387939,342.4,270.2,310.1,251.1,826765,0.777358491
7/1/1996,151,8131.4,11096.976,270128.3,86.4,1,1,0,0.4,1,270.1283,8.146923077,324,410.4,2035152,66.189,73.352,103987,2774.501036,27.659385,104.909077,877,2.65,0.789473684,78.94736842,0.787712418,78.77124183,0.801596688,80.15966884,382.5,301.3,338.2,271.1,826765,0.777358491
10/1/1996,152,8259.8,11212.205,270991.7,82.9,1,1,0,0.4,1,270.9917,7.703076923,252.5,335.4,2107553,66.488,73.662,90663,2861.112921,86.611885,119.044022,863.4,2.65,0.752832439,75.28324389,0.815415822,81.54158215,0.789980732,78.99807322,394.4,321.6,363.3,287,826765,0.777358491
1/1/1997,153,8362.7,11284.587,271709,59.5,1,1,0,0.42,1,271.709,7.793076923,237.8,297.3,2043518,66.799,73.992,74488,2761.809385,-99.303536,113.510898,717.3,2.64,0.799865456,79.98654558,0.809738794,80.97387939,0.790069462,79.00694623,310.1,251.1,388.7,307.1,836740,0.776119403
4/1/1997,154,8518.8,11472.137,272487.3,94.5,1,1,0,0.42,1,272.4873,7.926923077,324.5,419,2129626,67.126,74.361,96915,2863.901776,102.092391,117.060125,778.3,2.64,0.774463007,77.44630072,0.801596688,80.15966884,0.777629827,77.76298269,338.2,271.1,300.4,233.6,836740,0.776119403
7/1/1997,155,8662.8,11615.636,273390.7,85.8,1,1,0,0.42,1,273.3907,7.47,314.5,400.3,2166497,67.676,74.581,106977,2904.891326,40.98955,130.39029,903.4,2.64,0.785660754,78.56607544,0.789980732,78.99807322,0.777010224,77.70102238,363.3,287,361.9,281.2,836740,0.776119403
10/1/1997,156,8765.9,11715.393,274245.7,100.6,1,1,1,0.42,1,274.2457,7.205384615,256.8,357.4,2237911,68.176,74.848,97207,2989.940947,85.049621,128.828026,855,2.64,0.718522664,71.85226637,0.790069462,79.00694623,0.782188043,78.21880427,388.7,307.1,403.1,315.3,836740,0.776119403
1/1/1998,157,8866.5,11832.486,274950,66.5,1,1,1,0.42,1,274.95,7.05,258.4,324.9,2160749,68.373,74.924,82910,2883.92104,-106.019907,122.111655,704.3,2.62,0.795321637,79.53216374,0.777629827,77.76298269,0.806065053,80.60650526,300.4,233.6,408.9,329.6,841643,0.781481481
4/1/1998,158,8969.7,11942.032,275703.3,87.4,1,1,1,0.42,1,275.7033,7.097692308,360.4,447.8,2249930,68.845,75.119,110019,2995.154355,111.233315,131.252579,753.3,2.62,0.804823582,80.4823582,0.777010224,77.70102238,0.796833773,79.68337731,361.9,281.2,341.1,271.8,841643,0.781481481
7/1/1998,159,9121.1,12091.614,276563.7,97,1,1,1,0.42,1,276.5637,6.872307692,348,445,2281444,69.528,75.41,119426,3025.386554,30.232199,120.495228,860.4,2.62,0.782022472,78.20224719,0.782188043,78.21880427,0.797232704,79.72327044,403.1,315.3,397.5,316.9,841643,0.781481481
10/1/1998,160,9294,12287,277400,94.7,1,1,1,0.42,1,277.4,6.764285714,304.6,399.3,2370698,70.147,75.613,106452,3135.304776,109.918222,145.363829,836.3,2.62,0.762834961,76.28349612,0.806065053,80.60650526,0.76789486,76.78948604,408.9,329.6,426.1,327.2,841643,0.781481481
1/1/1999,161,9417.3,12403.293,278103.3,77.1,1,1,1,0.42,1,278.1033,6.8775,287.2,364.3,2293218,70.8,75.859,92102,3023.000567,-112.304209,139.079527,703.3,2.61,0.788361241,78.83612407,0.796833773,79.68337731,0.804905746,80.49057461,341.1,271.8,440.3,354.4,846085,0.791208791
4/1/1999,162,9524.2,12498.694,278863.7,80.4,1,1,1,0.42,1,278.8637,7.181538462,366.8,447.2,2388561,71.565,76.19,119846,3135.005906,112.005339,139.851551,760.4,2.61,0.820214669,82.02146691,0.797232704,79.72327044,0.789739277,78.97392767,397.5,316.9,356.7,281.7,846085,0.791208791
7/1/1999,163,9681.9,12662.385,279751,98.6,1,1,1,0.42,1,279.751,7.786153846,347.2,445.8,2423833,72.163,76.472,131194,3169.569254,34.563348,144.1827,887.3,2.61,0.778824585,77.8824585,0.76789486,76.78948604,0.790314402,79.03144016,426.1,327.2,394.4,311.7,846085,0.791208791
10/1/1999,164,9899.4,12877.593,280592.3,82.6,1,1,1,0.42,1,280.5923,7.840714286,301.3,383.9,2525048,72.737,76.863,118624,3285.128085,115.558831,149.823309,841.3,2.61,0.784839802,78.4839802,0.804905746,80.49057461,0.769931102,76.99311024,440.3,354.4,406.4,312.9,846085,0.791208791
1/1/2000,165,10002.9,12924.179,281304.3,78.9,1,1,1,0.42,1,281.3043,8.256923077,278.2,357.1,2449139,73.967,77.389,101653,3164.712039,-120.416046,141.711472,712,2.62,0.779053486,77.90534864,0.789739277,78.97392767,0.806056236,80.60562365,356.7,281.7,416.1,335.4,852243,0.786476868
4/1/2000,166,10247.7,13160.842,282002,91.7,1,1,1,0.42,1,282.002,8.316153846,357,448.7,2569476,74.709,77.841,129062,3300.928816,136.216777,165.92291,697.7,2.62,0.795631825,79.56318253,0.790314402,79.03144016,0.791887676,79.18876755,394.4,311.7,320.5,253.8,852243,0.786476868
7/1/2000,167,10319.8,13178.419,282768.7,84.8,1,1,1,0.42,1,282.7687,8.02,320.5,405.3,2578060,75.339,78.315,134297,3291.910873,-9.017943,122.341619,766.7,2.62,0.790772267,79.07722675,0.769931102,76.99311024,0.789364997,78.93649974,406.4,312.9,387.4,305.8,852243,0.786476868
10/1/2000,168,10439,13260.506,283518.7,82.3,1,1,1,0.42,1,283.5187,7.620769231,275.2,357.5,2655679,75.999,78.729,120421,3373.190311,81.279438,88.062226,750,2.62,0.76979021,76.97902098,0.806056236,80.60562365,0.789248335,78.92483349,416.1,335.4,420.4,331.8,852243,0.786476868
1/1/2001,169,10472.9,13222.69,284168.7,74,1,1,1,0.5,1,284.1687,7.006923077,273.8,347.8,2562436,77.064,79.232,103349,3234.092286,-139.098025,69.380247,650,2.58,0.787234043,78.72340426,0.791887676,79.18876755,0.82376864,82.37686399,320.5,253.8,442.6,364.6,877004,0.807017544
4/1/2001,170,10597.8,13299.984,284837.3,86.7,1,1,1,0.5,1,284.8373,7.13,373.8,460.5,2656364,78.076,79.76,134955,3330.446339,96.354053,29.517523,668.6,2.58,0.811726384,81.17263844,0.789364997,78.93649974,0.828505879,82.8505879,387.4,305.8,348.7,288.9,877004,0.807017544
7/1/2001,171,10596.3,13244.784,285583.3,88.1,1,1,1,0.5,1,285.5833,6.963846154,341.1,429.2,2651331,79.331,80.01,145430,3313.749531,-16.696808,21.838658,746,2.58,0.79473439,79.47343896,0.789248335,78.92483349,0.787848852,78.78488516,420.4,331.8,404.9,319,877004,0.807017544
10/1/2001,172,10660.3,13280.859,286311.3,80.9,1,1,1,0.5,1,286.3113,6.770769231,284.5,365.4,2711685,79.786,80.284,129323,3377.615714,63.866183,4.425403,728,2.58,0.778598796,77.85987958,0.82376864,82.37686399,0.776443941,77.64439411,442.6,364.6,441.5,342.8,877004,0.807017544
1/1/2002,173,10789,13397.002,286935,75.7,1,1,1,0.5,1,286.935,6.971538462,293.3,369,2631502,79.66,80.503,115939,3268.824764,-108.79095,34.732478,623.7,2.58,0.794850949,79.48509485,0.828505879,82.8505879,0.82572248,82.57224796,348.7,288.9,453.3,374.3,894725,0.798611111
4/1/2002,174,10893.2,13478.152,287574,88.6,1,1,1,0.5,1,287.574,6.813076923,386,474.6,2724224,80.116,80.832,147631,3370.229612,101.404848,39.783273,639,2.58,0.813316477,81.3316477,0.787848852,78.78488516,0.7996614,79.96613995,404.9,319,354.4,283.4,894725,0.798611111
7/1/2002,175,10992.1,13538.072,288302.7,97.9,1,1,1,0.5,1,288.3027,6.289230769,360.6,458.5,2753434,80.466,81.177,152367,3391.889328,21.659716,78.139797,728.7,2.58,0.786477644,78.64776445,0.776443941,77.64439411,0.805808929,80.58089294,441.5,342.8,416.6,335.7,894725,0.798611111
10/1/2002,176,11071.5,13559.032,289006.7,84.3,1,1,1,0.5,1,289.0067,6.075384615,318.6,402.9,2827263,81.798,81.643,141658,3462.958245,71.068917,85.342531,704,2.58,0.79076694,79.07669397,0.82572248,82.57224796,0.82597759,82.59775898,453.3,374.3,437.3,361.2,894725,0.798611111
1/1/2003,177,11183.5,13634.253,289609,70.6,1,1,1,0.5,1,289.609,5.840769231,304.1,374.7,2744149,83.54,82.047,127870,3344.60614,-118.352105,75.781376,602.3,2.57,0.811582599,81.15825994,0.7996614,79.96613995,0.863278758,86.32787582,354.4,283.4,470.3,406,940969,0.793814433
4/1/2003,178,11312.9,13751.543,290252.7,84.4,1,1,1,0.5,1,290.2527,5.506923077,406.3,490.7,2832509,83.684,82.287,163489,3442.231458,97.625318,72.001846,643.7,2.57,0.828000815,82.80008152,0.805808929,80.58089294,0.841642229,84.16422287,416.6,335.7,375.1,315.7,940969,0.793814433
7/1/2003,179,11567.3,13985.073,290974,98.9,1,1,1,0.5,1,290.974,6.033846154,412,510.9,2887132,84.286,82.738,178405,3489.487297,47.255839,97.597969,721.3,2.57,0.806420043,80.64200431,0.82597759,82.59775898,0.811866554,81.18665541,437.3,361.2,473.6,384.5,940969,0.793814433
10/1/2003,180,11769.3,14145.645,291669.3,94.7,1,1,1,0.5,1,291.6693,5.919285714,376.7,471.4,2994460,85.789,83.196,167318,3599.283619,109.796322,136.325374,695.3,2.57,0.799109037,79.91090369,0.863278758,86.32787582,0.812474686,81.24746861,470.3,406,493.8,401.2,940969,0.793814433
1/1/2004,181,11920.2,14221.147,292236.7,79.6,1,1,1,0.5,1,292.2367,5.5975,345.1,424.7,2922104,87.666,83.824,151172,3485.999236,-113.284383,141.393096,567.4,2.57,0.812573581,81.25735814,0.841642229,84.16422287,0.861088871,86.10888711,375.1,315.7,499.6,430.2,981276,0.80887372
4/1/2004,182,12109,14329.523,292875.3,83.7,1,1,1,0.5,1,292.8753,6.106153846,455.7,539.4,3033260,89.418,84.515,198023,3589.019701,103.020465,146.788243,638.6,2.57,0.844827586,84.48275862,0.811866554,81.18665541,0.848469644,84.84696438,473.6,384.5,398.6,338.2,981276,0.80887372
7/1/2004,183,12303.3,14464.984,293603.3,92,1,1,1,0.5,1,293.6033,5.894285714,439.9,531.9,3068978,91.227,85.06,208920,3608.015518,18.995817,118.528221,728,2.57,0.827035157,82.7035157,0.812474686,81.24746861,0.836345382,83.63453815,493.8,401.2,498,416.5,981276,0.80887372
10/1/2004,184,12522.4,14609.876,294334,89.8,1,1,1,0.5,1,294.334,5.736153846,369.8,459.6,3189392,92.66,85.714,191702,3720.969737,112.954219,121.686118,730.7,2.57,0.804612707,80.46127067,0.861088871,86.10888711,0.843356918,84.33569182,499.6,430.2,508.8,429.1,981276,0.80887372
1/1/2005,185,12761.3,14771.602,294957.3,79.4,1,1,1,0.5,1,294.9573,5.768461538,368.8,448.2,3109156,93.861,86.368,173567,3599.893479,-121.076258,113.894243,623.3,2.57,0.822846943,82.28469433,0.848469644,84.84696438,0.859505703,85.95057034,398.6,338.2,526,452.1,1009839,0.814189189
4/1/2005,186,12910,14839.782,295588.3,90.6,1,1,1,0.5,1,295.5883,5.708461538,484.7,575.3,3231134,95.378,86.977,225154,3714.929234,115.035755,125.909533,631,2.57,0.842516948,84.25169477,0.836345382,83.63453815,0.840061769,84.00617692,498,416.5,453.3,380.8,1009839,0.814189189
7/1/2005,187,13142.9,14972.054,296340.3,96.9,1,1,1,0.5,1,296.3403,5.763846154,470.6,567.5,3305748,97.886,87.794,239326,3765.346151,50.416917,157.330633,752,2.57,0.829251101,82.92511013,0.843356918,84.33569182,0.840986565,84.09865651,508.8,429.1,498.7,419.4,1009839,0.814189189
10/1/2005,188,13332.3,15066.597,297085.7,85.4,1,1,1,0.5,1,297.0857,6.226153846,391.7,477.1,3390598,99.696,88.489,218173,3831.660432,66.314281,110.690695,745.4,2.57,0.821001886,82.10018864,0.859505703,85.95057034,0.842299476,84.22994756,526,452.1,514.9,433.7,1009839,0.814189189
1/1/2006,189,13603.9,15267.026,297736.7,81.7,1,1,1,0.53,1,297.7367,6.246923077,382.3,464,3334041,101.29,89.101,192605,3741.867095,-89.793337,141.973616,651,2.57,0.823922414,82.39224138,0.840061769,84.00617692,0.820487805,82.04878049,453.3,380.8,512.5,420.5,1029366,0.816053512
4/1/2006,190,13749.8,15302.705,298408,88.2,1,1,1,0.53,1,298.408,6.602307692,432.7,520.9,3462006,102.22,89.845,230626,3853.309589,111.442494,138.380355,671.3,2.57,0.830677673,83.06776733,0.840986565,84.09865651,0.812465527,81.24655268,498.7,419.4,362.6,294.6,1029366,0.816053512
7/1/2006,191,13867.5,15326.368,299180,85.5,1,1,1,0.53,1,299.18,6.56,372.3,457.8,3463172,102.586,90.505,223384,3826.497984,-26.811605,61.151833,772,2.57,0.813237221,81.32372215,0.842299476,84.22994756,0.824815595,82.48155954,514.9,433.7,379.6,313.1,1029366,0.816053512
10/1/2006,192,14037.2,15456.928,299946,80.2,1,1,1,0.53,1,299.946,6.243846154,278,358.2,3555390,103.327,90.845,191548,3913.68815,87.190166,82.027718,766,2.57,0.776102736,77.61027359,0.820487805,82.04878049,0.79388332,79.38833205,512.5,420.5,389.1,308.9,1029366,0.816053512
1/1/2007,193,14208.6,15493.328,300609.7,62.3,1,1,1,0.55,1,300.6097,6.214615385,259.6,321.9,3479565,103.864,91.777,159688,3791.325713,-122.362437,49.458618,663.7,2.56,0.806461634,80.6461634,0.812465527,81.24655268,0.812113055,81.21130552,362.6,294.6,371.5,301.7,1044368,0.820598007
4/1/2007,194,14382.4,15582.085,301283.7,77,1,1,1,0.55,1,301.2837,6.358461538,332.9,409.9,3610965,103.592,92.339,193466,3910.552421,119.226708,57.242832,674,2.56,0.812149305,81.21493047,0.824815595,82.48155954,0.744358121,74.43581206,379.6,313.1,270.3,201.2,1044368,0.820598007
7/1/2007,195,14535,15666.738,302062.7,85.3,1,1,1,0.55,1,302.0627,6.551538462,265.3,350.6,3630580,103.633,92.725,185144,3915.427339,4.874918,88.929355,779,2.56,0.756702795,75.67027952,0.79388332,79.38833205,0.758520667,75.85206672,389.1,308.9,275.8,209.2,1044368,0.820598007
10/1/2007,196,14681.5,15761.967,302828.7,84.4,1,1,1,0.55,1,302.8287,6.224615385,188.3,272.7,3730752,103.743,93.15,152199,4005.101449,89.67411,91.413299,766,2.56,0.690502384,69.05023836,0.812113055,81.21130552,0.712611992,71.26119917,371.5,301.7,290.2,206.8,1044368,0.820598007
1/1/2008,197,14651,15671.383,303493.7,69.5,1,1,1,0.56,1,303.4937,5.872307692,161.9,231.4,3643352,103.353,93.569,121067,3893.759685,-111.341764,102.433972,665,2.56,0.699654278,69.96542783,0.744358121,74.43581206,0.711362032,71.13620325,270.3,201.2,283.4,201.6,1065556,0.815789474
4/1/2008,198,14805.6,15752.308,304159.7,89.8,1,1,1,0.56,1,304.1597,6.086923077,193.9,283.7,3704567,102.948,93.935,144490,3943.755789,49.996104,33.203368,666,2.56,0.683468453,68.34684526,0.758520667,75.85206672,0.673398731,67.33987305,275.8,209.2,173.3,116.7,1065556,0.815789474
7/1/2008,199,14835.2,15667.032,304902.3,74,1,1,1,0.56,1,304.9023,6.322307692,163,237,3682872,102.06,94.654,138882,3890.878357,-52.877432,-24.548982,742.6,2.56,0.687763713,68.77637131,0.712611992,71.26119917,0.621873467,62.18734674,290.2,206.8,203.9,126.8,1065556,0.815789474
10/1/2008,200,14559.5,15328.027,305616.7,50.2,1,1,1,0.56,1,305.6167,5.841428571,103.2,153.4,3682056,100.635,94.896,111545,3880.096105,-10.782252,-125.005344,714.4,2.56,0.672750978,67.27509778,0.711362032,71.13620325,0.632633122,63.26331216,283.4,201.6,204.7,129.5,1065556,0.815789474
1/1/2009,201,14394.5,15155.94,306236.7,36.1,1,1,1,0.43,1,306.2367,5.06,78.3,114.4,3510967,99.825,94.959,85406,3697.350435,-182.74567,-196.40925,620,2.57,0.684440559,68.44405594,0.673398731,67.33987305,0.692561205,69.25612053,173.3,116.7,212.4,147.1,1081370.663,0.801302932
4/1/2009,202,14352.9,15134.117,306866,30.1,1,1,1,0.43,1,306.866,5.012307692,123.7,153.8,3593534,98.508,94.856,101794,3788.4098,91.059365,-155.345989,629.3,2.57,0.804291287,80.42912874,0.621873467,62.18734674,0.700641483,70.06414825,203.9,126.8,140.3,98.3,1081370.663,0.801302932
7/1/2009,203,14420.3,15189.222,307572.7,24,1,1,1,0.43,1,307.5727,5.162307692,138.3,162.3,3617046,97.814,94.912,106178,3810.946982,22.537182,-79.931375,706.7,2.57,0.852125693,85.21256932,0.632633122,63.26331216,0.752189593,75.2189593,204.7,129.5,194.1,146,1081370.663,0.801302932
10/1/2009,204,14628,15356.058,308285,18.7,1,1,1,0.43,1,308.285,4.922142857,104.7,123.4,3727386,98.537,95.269,96626,3912.485698,101.538716,32.389593,712.3,2.57,0.848460292,84.84602917,0.692561205,69.25612053,0.780564263,78.05642633,212.4,147.1,159.5,124.5,1081370.663,0.801302932
1/1/2010,205,14721.4,15415.145,308901.7,20,1,1,1,0.35,1,308.9017,4.995833333,114.3,134.3,3592249,98.694,95.491,79960,3761.871799,-150.613899,64.521364,616.7,2.59,0.851079672,85.10796724,0.700641483,70.06414825,0.807351077,80.73510773,140.3,98.3,157.8,127.4,1089701.09,0.783171521
4/1/2010,206,14926.1,15557.277,309462,29.8,1,1,1,0.35,1,309.462,4.922307692,142.2,172,3744069,98.002,95.912,107859,3903.650221,141.778422,115.240421,560.3,2.59,0.826744186,82.6744186,0.752189593,75.2189593,0.74089404,74.08940397,194.1,146,120.8,89.5,1089701.09,0.783171521
7/1/2010,207,15079.9,15671.967,310069,41.8,1,1,1,0.35,1,310.069,4.447142857,119,160.8,3778575,98.008,96.251,98126,3925.751421,22.1012,114.804439,607,2.59,0.740049751,74.00497512,0.780564263,78.05642633,0.793627806,79.36278059,159.5,124.5,138.1,109.6,1089701.09,0.783171521
10/1/2010,208,15240.8,15750.625,310686,24.2,1,1,1,0.35,1,310.686,4.436153846,95.6,119.8,3877159,98.562,96.781,90629,4006.11587,80.364449,93.630172,617,2.59,0.797996661,79.79966611,0.807351077,80.73510773,0.728864734,72.88647343,157.8,127.4,165.6,120.7,1089701.09,0.783171521
1/1/2011,209,15285.8,15712.754,311192.3,36,1,1,1,0.35,1,311.1923,4.846923077,89.5,125.5,3748311,98.756,97.276,78158,3853.274189,-152.841681,91.40239,506.3,2.56,0.71314741,71.31474104,0.74089404,74.08940397,0.790031153,79.00311526,120.8,89.5,160.5,126.8,1095373.191,0.811538462
4/1/2011,210,15496.2,15825.096,311705,40.1,1,1,1,0.35,1,311.705,4.650769231,123.4,163.5,3881126,99.114,97.975,102247,3961.3432,108.069011,57.692979,512.7,2.56,0.754740061,75.47400612,0.793627806,79.36278059,0.742904841,74.29048414,138.1,109.6,119.8,89,1095373.191,0.811538462
7/1/2011,211,15591.9,15820.7,312318.3,53.2,1,1,1,0.35,1,312.3183,4.291538462,117.7,170.9,3913784,99.139,98.519,102842,3972.61848,11.27528,46.867059,613.3,2.56,0.688706846,68.87068461,0.728864734,72.88647343,0.75794155,75.79415502,165.6,120.7,157.4,119.3,1095373.191,0.811538462
10/1/2011,212,15796.5,16004.107,312917.7,49,1,1,1,0.35,1,312.9177,4.002307692,99.9,148.9,3999363,99.187,98.676,95588,4053.025052,80.406572,46.909182,599.4,2.56,0.670920081,67.09200806,0.790031153,79.00311526,0.705558613,70.55586131,160.5,126.8,181.7,128.2,1095373.191,0.811538462
1/1/2012,213,16019.8,16129.418,313421,49.4,1,1,1,0.3,1,313.421,3.922307692,105.5,154.9,3947585,99.027,99.284,86938,3976.053543,-76.971509,122.779354,503.3,2.55,0.681084571,68.10845707,0.742904841,74.29048414,0.769311613,76.93116132,119.8,89,190.3,146.4,1113018.468,0.807900605
4/1/2012,214,16152.3,16198.807,313929,58.2,1,1,1,0.3,1,313.929,3.794615385,151.1,209.3,4036139,99.42,99.689,113716,4048.730552,72.677009,87.387352,508,2.55,0.721930244,72.19302437,0.75794155,75.79415502,0.769666457,76.96664569,157.4,119.3,158.9,122.3,1113018.468,0.807900605
7/1/2012,215,16257.2,16220.667,314534,63.9,1,1,1,0.3,1,314.534,3.553846154,150.1,214,4071213,100.274,100.299,117636,4059.076362,10.34581,86.457882,605,2.55,0.701401869,70.14018692,0.705558613,70.55586131,0.747903857,74.79038569,181.7,128.2,178.9,133.8,1113018.468,0.807900605
10/1/2012,216,16358.9,16239.138,315136,73.8,1,1,1,0.3,1,315.136,3.359230769,128.6,202.4,4142070,101.28,100.728,113725,4112.133667,53.057305,59.108615,602,2.55,0.635375494,63.53754941,0.769311613,76.93116132,0.714354297,71.43542967,190.3,146.4,208.3,148.8,1113018.468,0.807900605
1/1/2013,217,16569.6,16382.964,315595.3,72,1,1,1,0.3,1,315.5953,3.496923077,136.1,208.1,4049584,102.846,101.123,102601,4004.612205,-107.521462,28.558662,459.3,2.54,0.654012494,65.4012494,0.769666457,76.96664569,0.75263399,75.26339899,158.9,122.3,218.3,164.3,1177986.321,0.809553939
4/1/2013,218,16637.9,16403.18,316081,70.1,1,1,1,0.3,1,316.081,3.672307692,174.1,244.2,4163863,104.205,101.431,137367,4105.118751,100.506546,56.388199,485.7,2.54,0.712940213,71.29402129,0.747903857,74.79038569,0.715766503,71.5766503,178.9,133.8,183.3,131.2,1177986.321,0.809553939
7/1/2013,219,16848.7,16531.685,316692.3,77.9,1,1,1,0.3,1,316.6923,4.44,164.9,242.8,4234415,105.577,101.985,141606,4151.997843,46.879092,92.921481,611.3,2.54,0.679159802,67.91598023,0.714354297,71.43542967,0.720941402,72.09414025,208.3,148.8,208.2,150.1,1177986.321,0.809553939
10/1/2013,220,17083.1,16663.649,317316,87.2,1,1,1,0.3,1,317.316,4.293076923,142.6,229.8,4336990,107.59,102.551,128414,4229.105518,77.107675,116.971851,623.7,2.54,0.6205396,62.05395997,0.75263399,75.26339899,0.657096644,65.70966438,218.3,164.3,247.3,162.5,1177986.321,0.809553939
1/1/2014,221,17104.6,16616.54,317837.7,72.2,1,1,1,0.3,1,317.8377,4.364615385,133.8,206,4193475,109.888,102.96,112270,4072.916667,-156.188851,68.304462,521.7,2.54,0.649514563,64.95145631,0.715766503,71.5766503,0.716850265,71.68502652,183.3,131.2,245.1,175.7,1201719.405,0.817525126
4/1/2014,222,17432.9,16841.475,318369.7,92.1,1,1,1,0.3,1,318.3697,4.227692308,182.6,274.7,4355448,110.151,103.539,148751,4206.577232,133.660565,101.458481,532,2.54,0.664725155,66.47251547,0.720941402,72.09414025,0.712817739,71.28177393,208.2,150.1,184.9,131.8,1201719.405,0.817525126
7/1/2014,223,17721.7,17047.098,319009.3,103.8,1,1,1,0.3,1,319.0093,4.135384615,177.6,281.4,4449960,112.115,104.01,154199,4278.396308,71.819076,126.398465,639.6,2.54,0.631130064,63.1130064,0.657096644,65.70966438,0.662337662,66.23376623,247.3,162.5,246.4,163.2,1201719.405,0.817525126
10/1/2014,224,17849.9,17143.038,319650.3,87.4,1,1,1,0.3,1,319.6503,3.963571429,153.8,241.2,4528375,112.32,104.078,144935,4350.943523,72.547215,121.838005,641,2.54,0.637645108,63.76451078,0.716850265,71.68502652,0.622509225,62.25092251,245.1,175.7,271,168.7,1201719.405,0.817525126
1/1/2015,225,17984.2,17277.58,320157.3,74.7,1,1,1,0.3,1,320.1573,3.716666667,139.9,214.6,4381185,113.046,104.072,128639,4209.763433,-141.18009,136.846766,507,2.54,0.651910531,65.19105312,0.712817739,71.28177393,0.692481203,69.2481203,184.9,131.8,266,184.2,1209214,0.82195198
4/1/2015,226,18219.4,17405.669,320682.7,115,1,1,1,0.3,1,320.6827,3.819230769,205.4,320.4,4563206,113.595,104.684,168226,4359.029078,149.265645,152.451846,525.4,2.54,0.641073658,64.10736579,0.662337662,66.23376623,0.68988764,68.98876404,246.4,163.2,222.5,153.5,1209214,0.82195198
7/1/2015,227,18344.7,17463.222,321315,114.8,1,1,1,0.3,1,321.315,3.954615385,203.2,318,4614948,114.591,105,174572,4395.188571,36.159493,116.792263,632.3,2.54,0.638993711,63.89937107,0.622509225,62.25092251,0.711990596,71.19905956,271,168.7,255.2,181.7,1209214,0.82195198
10/1/2015,228,18350.8,17468.902,321947.7,92.8,1,1,1,0.3,1,321.9477,3.897857143,166.1,258.9,4665441,115.285,104.997,162359,4443.404097,48.215526,92.460574,632.7,2.54,0.641560448,64.1560448,0.692481203,69.2481203,0.677911932,67.79119318,266,184.2,281.6,190.9,1209214,0.82195198
1/1/2016,229,18424.3,17556.839,322475.3,78.7,1,1,1,0.3,1,322.4753,3.738461538,170.4,249.1,4488764,115.777,104.933,147308,4277.742941,-165.661156,67.979508,527.6,2.53,0.684062625,68.40626255,0.68988764,68.98876404,0.706959707,70.6959707,222.5,153.5,300.3,212.3,1212054,0.831940576
4/1/2016,230,18637.3,17639.417,322998.3,105.1,1,1,1,0.3,1,322.9983,3.589230769,217.7,322.8,4678299,117.271,105.618,186755,4429.452366,151.709425,70.423288,523,2.53,0.6744114,67.44114002,0.711990596,71.19905956,0.69287169,69.28716904,255.2,181.7,245.5,170.1,1212054,0.831940576
7/1/2016,231,18806.7,17735.074,323605.7,106.5,1,1,1,0.3,1,323.6057,3.446153846,206.5,313,4734573,119.006,105.987,188199,4467.126157,37.673791,71.937586,607.4,2.53,0.659744409,65.97444089,0.677911932,67.79119318,0.680507893,68.05078929,281.6,190.9,291.4,198.3,1212054,0.831940576
10/1/2016,232,18991.9,17824.231,324187,101.9,1,1,1,0.3,1,324.187,3.842307692,186.9,288.8,4813405,120.54,106.543,176231,4517.805018,50.678861,74.400921,581.3,2.53,0.647160665,64.71606648,0.706959707,70.6959707,0.676206323,67.62063228,300.3,212.3,300.5,203.2,1212054,0.831940576
1/1/2017,233,19190.4,17925.256,324648.7,85.8,1,1,1,0.3,1,324.6487,4.173076923,181.4,267.2,4649728,121.452,107.04,159700,4343.916293,-173.888725,66.173352,461.7,2.54,0.678892216,67.88922156,0.69287169,69.28716904,0.709575143,70.95751427,245.5,170.1,315.4,223.8,1219844,0.83820363
4/1/2017,234,19356.6,18021.048,325106.7,89.9,1,1,1,0.3,1,325.1067,3.98,237.6,327.5,4863682,122.97,107.394,202146,4528.820977,184.904684,99.368611,458,2.54,0.725496183,72.54961832,0.680507893,68.05078929,0.703551402,70.35514019,291.4,198.3,267.5,188.2,1219844,0.83820363
7/1/2017,235,19611.7,18163.558,325667,89.3,1,1,1,0.3,1,325.667,3.883846154,230,319.3,4940866,124.348,108.032,202945,4573.520809,44.699832,106.394652,560.3,2.54,0.720325712,72.03257125,0.676206323,67.62063228,0.681877023,68.18770227,300.5,203.2,309,210.7,1219844,0.83820363
10/1/2017,236,19918.9,18322.464,326218,89,1,1,1,0.3,1,326.218,3.922307692,199.9,288.9,5065149,125.27,108.715,190958,4659.107759,85.58695,141.302741,551,2.54,0.691934926,69.19349256,0.709575143,70.95751427,0.706978213,70.69782128,315.4,223.8,316.7,223.9,1219844,0.83820363
1/1/2018,237,20163.2,18438.254,326669.3,93.7,1,1,1,0.3,1,326.6693,4.282307692,194.8,288.5,4917129,128.031,109.341,168484,4497.058743,-162.049016,153.14245,451.3,2.53,0.675216638,67.52166378,0.703551402,70.35514019,0.744943435,74.4943435,267.5,188.2,291.7,217.3,1225434,0.836185819
4/1/2018,238,20510.2,18598.135,327138,95.9,1,1,1,0.3,1,327.138,4.544615385,257.3,353.2,5141726,130.203,110.209,212496,4665.432043,168.3733,136.611066,468.7,2.53,0.728482446,72.84824462,0.681877023,68.18770227,0.693173821,69.31738213,309,210.7,284.2,197,1225434,0.836185819
7/1/2018,239,20749.8,18732.72,327697.7,97.8,1,1,1,0.3,1,327.6977,4.566923077,237.6,335.4,5209973,131.45,110.765,212030,4703.6275,38.195457,130.106691,559.7,2.53,0.708407871,70.84078712,0.706978213,70.69782128,0.720862846,72.08628461,316.7,223.9,310.6,223.9,1225434,0.836185819
10/1/2018,240,20897.8,18783.548,328237,86.9,1,1,1,0.3,1,328.237,4.784615385,186,272.9,5311394,132.267,111.212,193649,4775.918066,72.290566,116.810307,539.3,2.53,0.68156834,68.15683401,0.744943435,74.4943435,0.72170398,72.17039801,291.7,217.3,321.6,232.1,1225434,0.836185819
